campo,abbonamento
CAMPO032,AT085
CAMPO053,AT085
CAMPO008,AT085
CAMPO032,AT086
CAMPO053,AT086
CAMPO008,AT086
CAMPO032,AT087
CAMPO053,AT087
CAMPO008,AT087
CAMPO032,AT088
CAMPO053,AT088
CAMPO008,AT088
CAMPO032,AT089
CAMPO053,AT089
CAMPO008,AT089
CAMPO032,AT090
CAMPO053,AT090
CAMPO008,AT090
CAMPO032,AT091
CAMPO053,AT091
CAMPO008,AT091
CAMPO042,AT092
CAMPO055,AT092
CAMPO042,AT093
CAMPO055,AT093
CAMPO042,AT094
CAMPO055,AT094
CAMPO042,AT095
CAMPO055,AT095
CAMPO042,AT096
CAMPO055,AT096
CAMPO042,AT097
CAMPO055,AT097
CAMPO042,AT098
CAMPO055,AT098
CAMPO022,AT099
CAMPO034,AT099
CAMPO043,AT099
CAMPO035,AT099
CAMPO014,AT099
CAMPO052,AT099
CAMPO005,AT099
CAMPO046,AT099
CAMPO047,AT099
CAMPO040,AT099
CAMPO022,AT100
CAMPO034,AT100
CAMPO043,AT100
CAMPO035,AT100
CAMPO014,AT100
CAMPO052,AT100
CAMPO005,AT100
CAMPO046,AT100
CAMPO047,AT100
CAMPO040,AT100
CAMPO022,AT101
CAMPO034,AT101
CAMPO043,AT101
CAMPO035,AT101
CAMPO014,AT101
CAMPO052,AT101
CAMPO005,AT101
CAMPO046,AT101
CAMPO047,AT101
CAMPO040,AT101
CAMPO022,AT102
CAMPO034,AT102
CAMPO043,AT102
CAMPO035,AT102
CAMPO014,AT102
CAMPO052,AT102
CAMPO005,AT102
CAMPO046,AT102
CAMPO047,AT102
CAMPO040,AT102
CAMPO022,AT103
CAMPO034,AT103
CAMPO043,AT103
CAMPO035,AT103
CAMPO014,AT103
CAMPO052,AT103
CAMPO005,AT103
CAMPO046,AT103
CAMPO047,AT103
CAMPO040,AT103
CAMPO022,AT104
CAMPO034,AT104
CAMPO043,AT104
CAMPO035,AT104
CAMPO014,AT104
CAMPO052,AT104
CAMPO005,AT104
CAMPO046,AT104
CAMPO047,AT104
CAMPO040,AT104
CAMPO022,AT105
CAMPO034,AT105
CAMPO043,AT105
CAMPO035,AT105
CAMPO014,AT105
CAMPO052,AT105
CAMPO005,AT105
CAMPO046,AT105
CAMPO047,AT105
CAMPO040,AT105
CAMPO037,AT106
CAMPO048,AT106
CAMPO037,AT107
CAMPO048,AT107
CAMPO037,AT108
CAMPO048,AT108
CAMPO037,AT109
CAMPO048,AT109
CAMPO037,AT110
CAMPO048,AT110
CAMPO037,AT111
CAMPO048,AT111
CAMPO037,AT112
CAMPO048,AT112
CAMPO026,AT113
CAMPO026,AT114
CAMPO026,AT115
CAMPO026,AT116
CAMPO026,AT117
CAMPO026,AT118
CAMPO026,AT119
CAMPO017,AT120
CAMPO007,AT120
CAMPO044,AT120
CAMPO017,AT121
CAMPO007,AT121
CAMPO044,AT121
CAMPO017,AT122
CAMPO007,AT122
CAMPO044,AT122
CAMPO017,AT123
CAMPO007,AT123
CAMPO044,AT123
CAMPO017,AT124
CAMPO007,AT124
CAMPO044,AT124
CAMPO017,AT125
CAMPO007,AT125
CAMPO044,AT125
CAMPO017,AT126
CAMPO007,AT126
CAMPO044,AT126
