campo,sport
CAMPO034,Calcio
CAMPO034,Hockey su prato
CAMPO034,Atletica
CAMPO034,Ultimate Frisbee
CAMPO016,Calcio
CAMPO016,Hockey su prato
CAMPO016,Atletica
CAMPO016,Ultimate Frisbee
CAMPO020,Calcio
CAMPO020,Hockey su prato
CAMPO020,Atletica
CAMPO020,Ultimate Frisbee
CAMPO010,Calcio
CAMPO010,Hockey su prato
CAMPO010,Atletica
CAMPO010,Ultimate Frisbee
CAMPO026,Calcio
CAMPO026,Hockey su prato
CAMPO026,Atletica
CAMPO026,Ultimate Frisbee
CAMPO013,Basket
CAMPO013,Pallavolo
CAMPO012,Basket
CAMPO012,Pallavolo
CAMPO033,Basket
CAMPO033,Pallavolo
CAMPO018,Basket
CAMPO018,Pallavolo
CAMPO037,Basket
CAMPO037,Pallavolo
CAMPO002,Yoga
CAMPO002,Arti Marziali
CAMPO002,Scherma
CAMPO002,Boxe
CAMPO002,Judo
CAMPO022,Yoga
CAMPO022,Arti Marziali
CAMPO022,Scherma
CAMPO022,Boxe
CAMPO022,Judo
CAMPO021,Yoga
CAMPO021,Arti Marziali
CAMPO021,Scherma
CAMPO021,Boxe
CAMPO021,Judo
CAMPO017,Palestra
CAMPO017,Calisthenics
CAMPO027,Palestra
CAMPO027,Calisthenics
CAMPO008,Palestra
CAMPO008,Calisthenics
CAMPO031,Rugby
CAMPO031,Ultimate Frisbee
CAMPO009,Rugby
CAMPO009,Ultimate Frisbee
CAMPO005,Rugby
CAMPO005,Ultimate Frisbee
CAMPO036,Basket
CAMPO004,Basket
CAMPO040,Pallavolo
CAMPO039,Pallavolo
CAMPO015,Nuoto
CAMPO032,Nuoto
CAMPO024,Nuoto
CAMPO019,Nuoto
CAMPO006,Tennis
CAMPO028,Tennis
CAMPO007,Tennis
CAMPO001,Tennis
CAMPO003,Tennis
CAMPO025,Atletica
CAMPO023,Arrampicata
CAMPO030,Arrampicata
CAMPO038,Arrampicata
CAMPO014,Boxe
CAMPO035,Ping Pong
CAMPO029,Pattinaggio
CAMPO011,Calisthenics
