istruttore,corso
FTTBNT36T50B390H,AT028
BSSTTN49S59C441R,AT044
CNTLVI71L49I879H,AT018
STPDNT01P70L017P,AT001
FGGGRL76S11I824D,AT016
FRRFRD36A50C835H,AT027
SRGVEA72E03L252F,AT074
MRSPNI67R02G875O,AT024
GRRRMI68R31D247Q,AT075
STPDNT01P70L017P,AT002
FLZMLA09T25G325A,AT037
CRVRAI62D24D847G,AT041
MRNSLV95H55D132O,AT013
GRBZRA63A23E486Z,AT039
RMZRLD76P65E922O,AT033
NSTLNI18H16F205Z,AT080
FSCPPZ05E59L614A,AT068
FDRMRH22D14I391V,AT064
RGGFDG54A52F933H,AT042
BRSVLT63L17A794S,AT006
CSNRNF92S44L586Y,AT051
CPPGRN85C22H449X,AT049
RGGLDC62M22G849L,AT059
MRNSLV95H55D132O,AT010
BLBTRT46E47E724E,AT007
CPPGRN85C22H449X,AT050
CCCBGI42D45D085S,AT021
RSMSRN77P13G456X,AT058
TSLGSI53C55I977Y,AT014
RNGLRA73B22A162P,AT034
BSSSTL83S19B917N,AT071
MRSMRL16A31B532G,AT042
GRTCHL34L56F599D,AT050
NNLNGL02C42I028T,AT026
CRBTTE70T27E041O,AT069
BSSTTN49S59C441R,AT045
NNCNPN75H53G397B,AT082
GNTLCU53D53A366L,AT022
CMRTTV13H54L666E,AT076
PSSDNG01C65A023U,AT062
GRFMRN26P01D740N,AT073
SCNNTT77B23C868D,AT015
RNZDNI23E29G097S,AT025
RMZRLD76P65E922O,AT032
CNTLVI71L49I879H,AT023
RSMSRN77P13G456X,AT055
STCGLI93C66C993N,AT040
SCRFDC59L01F106E,AT005
BVORST50P59B541K,AT009
BTTTNI09D27I443O,AT019
CNLLNE44H58F443G,AT020
FTTLSS59A61C548Y,AT052
CFFLSN30H13C789J,AT060
LNRCLL01P10C778Q,AT056
MRNSLV95H55D132O,AT008
VTTGSR31D52C113J,AT064
BDRSRS03B47L474M,AT055
PTRCRN29H04F811O,AT048
CPPGRN85C22H449X,AT053
VSRSTN98D03A387A,AT070
RFFSRN43E09B081N,AT012
BVORST50P59B541K,AT011
LNRRMN13E13A930O,AT081
SGNTTE41L12B194K,AT074
TRBPCC24S52A476L,AT061
PTRCRN29H04F811O,AT051
CSNSNO62B16A482U,AT054
SGNTTE41L12B194K,AT075
BRSVLT63L17A794S,AT003
PNZTLL19E44M368S,AT031
TRBPCC24S52A476L,AT063
NCLVCR98P02A084U,AT005
FLRDNL69T46I119X,AT028
FCNLFA91M66C417T,AT082
PVNLBC66M54L225L,AT068
TNSLBT04S50B428T,AT030
SGNTTE41L12B194K,AT077
RGNFST79S58E320Q,AT043
SCTLSU62C27H321Y,AT038
GRFMRN26P01D740N,AT072
MNRTZN20M24C100B,AT004
VTTGSR31D52C113J,AT066
GRTCHL34L56F599D,AT052
PLZPLA83S53A878R,AT049
SCRVLR89E08H714Y,AT031
CRVRAI62D24D847G,AT044
CMMSIA88C07A676C,AT038
NVNNNI84E63A097S,AT057
BCCSNO96D19B605O,AT060
BLBTRT46E47E724E,AT004
PVNLBC66M54L225L,AT067
GRRRMI68R31D247Q,AT076
TRMTMT30S54G019L,AT078
SCRFDC59L01F106E,AT002
NTNFBA97S02I271Z,AT023
DLLDIA56E03G408J,AT034
NSTLNI18H16F205Z,AT079
BTTTNI09D27I443O,AT021
RTCNNI35T12H497R,AT036
TRNPLT00B10H443P,AT039
MRGRSR64C06E912K,AT063
CCCBGI42D45D085S,AT017
MNTMNC58H18E326J,AT033
ZCHLRA68B09M086L,AT047
CCCBGI42D45D085S,AT020
FRRFRD36A50C835H,AT029
FRRTNO42T15L475O,AT026
NCLVCR98P02A084U,AT006
PNZTLL19E44M368S,AT029
CSLPLM02A16C885Q,AT040
TMSLRT76M21C917E,AT007
CSNRNF92S44L586Y,AT053
RSMSRN77P13G456X,AT057
VRGMRA93D13L416H,AT024
CSNRNF92S44L586Y,AT048
TSLGSI53C55I977Y,AT013
NLCMRN68L29F849M,AT059
FLRDNL69T46I119X,AT027
GRRRMI68R31D247Q,AT077
ZTTMNC12M28D969A,AT079
NVNPCC61L60E908Y,AT001
RGNFST79S58E320Q,AT041
RTHNSD22S48G582Q,AT065
PSSDNG01C65A023U,AT065
BRGCRD72A55L406O,AT019
TMSSMT36L20G247P,AT084
VNDLNI68P30C340J,AT035
BTTMLT88B49B280F,AT046
CRVRAI62D24D847G,AT043
CMRTTV13H54L666E,AT078
