codice_edizione,data_inizio,data_fine,n_partecipanti,codice_attivita
ED2020001,2020-10,2021-06,10,AT001
ED2021002,2021-01,2021-07,10,AT002
ED2020003,2020-11,2021-05,19,AT003
ED2020004,2020-11,2021-06,14,AT004
ED2020005,2020-11,2021-03,10,AT005
ED2020006,2020-10,2021-05,13,AT006
ED2020007,2020-11,2021-07,16,AT007
ED2020008,2020-09,2021-05,15,AT008
ED2020009,2020-09,2021-01,19,AT009
ED2020010,2020-10,2021-03,16,AT010
ED2020011,2020-11,2021-07,18,AT011
ED2020012,2020-09,2021-02,16,AT012
ED2020013,2020-11,2021-07,13,AT013
ED2020014,2020-11,2021-07,15,AT014
ED2020015,2020-11,2021-05,13,AT015
ED2021016,2021-01,2021-09,13,AT016
ED2021017,2021-01,2021-08,12,AT017
ED2020018,2020-11,2021-03,12,AT018
ED2020019,2020-10,2021-04,11,AT019
ED2020020,2020-09,2021-05,18,AT020
ED2020021,2020-12,2021-06,18,AT021
ED2020022,2020-11,2021-05,11,AT022
ED2020023,2020-11,2021-06,18,AT023
ED2021024,2021-01,2021-08,19,AT024
ED2020025,2020-12,2021-08,15,AT025
ED2021026,2021-01,2021-10,16,AT026
ED2020027,2020-09,2021-01,17,AT027
ED2020028,2020-12,2021-06,10,AT028
ED2020029,2020-11,2021-03,14,AT029
ED2020030,2020-10,2021-03,17,AT030
ED2020031,2020-12,2021-06,14,AT031
ED2020032,2020-12,2021-08,18,AT032
ED2020033,2020-10,2021-04,19,AT033
ED2020034,2020-12,2021-06,17,AT034
ED2020035,2020-10,2021-05,10,AT035
ED2020036,2020-12,2021-06,20,AT036
ED2020037,2020-09,2021-02,12,AT037
ED2020038,2020-10,2021-06,16,AT038
ED2020039,2020-09,2021-04,10,AT039
ED2020040,2020-09,2021-03,12,AT040
ED2021041,2021-01,2021-10,16,AT041
ED2020042,2020-09,2021-02,11,AT042
ED2020043,2020-12,2021-08,14,AT043
ED2020044,2020-12,2021-05,18,AT044
ED2021045,2021-01,2021-06,20,AT045
ED2020046,2020-09,2021-01,12,AT046
ED2020047,2020-12,2021-08,13,AT047
ED2021048,2021-01,2021-07,10,AT048
ED2020049,2020-11,2021-06,17,AT049
ED2020050,2020-11,2021-03,13,AT050
ED2020051,2020-11,2021-05,14,AT051
ED2020052,2020-10,2021-04,14,AT052
ED2020053,2020-11,2021-03,16,AT053
ED2020054,2020-09,2021-05,12,AT054
ED2020055,2020-11,2021-04,10,AT055
ED2021056,2021-01,2021-07,12,AT056
ED2020057,2020-10,2021-02,17,AT057
ED2020058,2020-12,2021-07,15,AT058
ED2020059,2020-10,2021-04,13,AT059
ED2021060,2021-01,2021-08,19,AT060
ED2020061,2020-11,2021-06,17,AT061
ED2020062,2020-09,2021-04,11,AT062
ED2021063,2021-01,2021-06,17,AT063
ED2020064,2020-11,2021-04,20,AT064
ED2020065,2020-10,2021-04,20,AT065
ED2020066,2020-11,2021-05,13,AT066
ED2020067,2020-12,2021-06,10,AT067
ED2020068,2020-11,2021-03,16,AT068
ED2020069,2020-12,2021-05,12,AT069
ED2020070,2020-09,2021-01,15,AT070
ED2020071,2020-10,2021-02,12,AT071
ED2020072,2020-10,2021-05,15,AT072
ED2020073,2020-10,2021-05,18,AT073
ED2021074,2021-01,2021-06,19,AT074
ED2020075,2020-09,2021-05,16,AT075
ED2021076,2021-01,2021-08,16,AT076
ED2020077,2020-09,2021-04,13,AT077
ED2020078,2020-10,2021-04,14,AT078
ED2020079,2020-09,2021-02,11,AT079
ED2020080,2020-12,2021-07,12,AT080
ED2021081,2021-01,2021-08,20,AT081
ED2020082,2020-11,2021-05,11,AT082
ED2020083,2020-11,2021-04,19,AT084
ED2021084,2021-12,2022-07,12,AT001
ED2022085,2022-01,2022-08,10,AT002
ED2021086,2021-09,2022-02,19,AT003
ED2021087,2021-12,2022-05,19,AT004
ED2022088,2022-01,2022-10,18,AT005
ED2021089,2021-12,2022-06,16,AT006
ED2021090,2021-11,2022-04,10,AT007
ED2022091,2022-01,2022-09,11,AT008
ED2022092,2022-01,2022-09,10,AT009
ED2022093,2022-01,2022-10,10,AT010
ED2021094,2021-12,2022-08,10,AT011
ED2021095,2021-09,2022-02,20,AT012
ED2021096,2021-10,2022-06,20,AT013
ED2021097,2021-10,2022-02,16,AT014
ED2021098,2021-09,2022-05,20,AT015
ED2021099,2021-11,2022-06,12,AT016
ED2021100,2021-12,2022-04,11,AT017
ED2022101,2022-01,2022-09,16,AT018
ED2021102,2021-11,2022-04,13,AT019
ED2021103,2021-10,2022-04,11,AT020
ED2021104,2021-12,2022-06,15,AT021
ED2022105,2022-01,2022-09,10,AT022
ED2021106,2021-12,2022-05,16,AT023
ED2021107,2021-10,2022-05,17,AT024
ED2022108,2022-01,2022-08,16,AT025
ED2021109,2021-09,2022-05,10,AT026
ED2022110,2022-01,2022-07,10,AT027
ED2021111,2021-10,2022-02,10,AT028
ED2021112,2021-09,2022-01,18,AT029
ED2021113,2021-10,2022-05,11,AT030
ED2021114,2021-11,2022-03,12,AT031
ED2021115,2021-09,2022-04,10,AT032
ED2021116,2021-11,2022-05,17,AT033
ED2021117,2021-10,2022-05,16,AT034
ED2022118,2022-01,2022-06,12,AT035
ED2021119,2021-11,2022-04,17,AT036
ED2021120,2021-10,2022-03,18,AT037
ED2022121,2022-01,2022-08,12,AT038
ED2022122,2022-01,2022-06,17,AT039
ED2021123,2021-12,2022-05,10,AT040
ED2022124,2022-01,2022-09,17,AT041
ED2022125,2022-01,2022-07,12,AT042
ED2022126,2022-01,2022-06,10,AT043
ED2021127,2021-12,2022-05,18,AT044
ED2021128,2021-11,2022-05,16,AT045
ED2022129,2022-01,2022-10,13,AT046
ED2021130,2021-11,2022-04,11,AT047
ED2021131,2021-11,2022-05,19,AT048
ED2022132,2022-01,2022-10,11,AT049
ED2021133,2021-12,2022-07,13,AT050
ED2021134,2021-09,2022-01,16,AT051
ED2021135,2021-11,2022-06,19,AT052
ED2021136,2021-12,2022-06,10,AT053
ED2021137,2021-12,2022-07,18,AT054
ED2022138,2022-01,2022-08,15,AT055
ED2021139,2021-11,2022-04,18,AT056
ED2021140,2021-11,2022-05,20,AT057
ED2021141,2021-09,2022-05,10,AT058
ED2021142,2021-09,2022-04,16,AT059
ED2021143,2021-12,2022-05,13,AT060
ED2022144,2022-01,2022-10,10,AT061
ED2021145,2021-10,2022-03,15,AT062
ED2021146,2021-12,2022-07,10,AT063
ED2022147,2022-01,2022-09,10,AT064
ED2021148,2021-10,2022-02,20,AT065
ED2021149,2021-10,2022-03,16,AT066
ED2021150,2021-10,2022-05,17,AT067
ED2021151,2021-10,2022-04,20,AT068
ED2022152,2022-01,2022-08,17,AT069
ED2021153,2021-12,2022-05,19,AT070
ED2021154,2021-11,2022-05,11,AT071
ED2022155,2022-01,2022-07,13,AT072
ED2022156,2022-01,2022-06,18,AT073
ED2021157,2021-09,2022-03,16,AT074
ED2021158,2021-11,2022-03,18,AT075
ED2022159,2022-01,2022-06,17,AT076
ED2021160,2021-09,2022-03,19,AT077
ED2021161,2021-09,2022-05,19,AT078
ED2021162,2021-10,2022-04,18,AT079
ED2021163,2021-10,2022-05,20,AT080
ED2022164,2022-01,2022-10,18,AT081
ED2021165,2021-09,2022-02,17,AT082
ED2021166,2021-11,2022-06,19,AT084
ED2023167,2023-01,2023-06,18,AT001
ED2023168,2023-01,2023-08,13,AT002
ED2022169,2022-10,2023-02,17,AT003
ED2023170,2023-01,2023-07,12,AT004
ED2022171,2022-12,2023-07,19,AT005
ED2022172,2022-10,2023-03,18,AT006
ED2022173,2022-10,2023-03,12,AT007
ED2023174,2023-01,2023-07,15,AT008
ED2023175,2023-01,2023-08,18,AT009
ED2022176,2022-12,2023-06,20,AT010
ED2022177,2022-09,2023-04,19,AT011
ED2022178,2022-12,2023-05,11,AT012
ED2022179,2022-09,2023-01,17,AT013
ED2023180,2023-01,2023-08,17,AT014
ED2023181,2023-01,2023-06,14,AT015
ED2022182,2022-10,2023-02,18,AT016
ED2022183,2022-10,2023-06,14,AT017
ED2022184,2022-11,2023-04,17,AT018
ED2022185,2022-10,2023-05,18,AT019
ED2022186,2022-10,2023-05,17,AT020
ED2022187,2022-10,2023-06,18,AT021
ED2022188,2022-09,2023-04,12,AT022
ED2023189,2023-01,2023-07,16,AT023
ED2022190,2022-11,2023-04,20,AT024
ED2022191,2022-12,2023-05,16,AT025
ED2022192,2022-11,2023-06,12,AT026
ED2022193,2022-12,2023-05,16,AT027
ED2022194,2022-12,2023-07,20,AT028
ED2022195,2022-11,2023-03,10,AT029
ED2022196,2022-12,2023-08,13,AT030
ED2022197,2022-10,2023-05,15,AT031
ED2022198,2022-09,2023-02,19,AT032
ED2022199,2022-11,2023-05,12,AT033
ED2022200,2022-12,2023-06,13,AT034
ED2023201,2023-01,2023-06,20,AT035
ED2022202,2022-12,2023-04,19,AT036
ED2022203,2022-11,2023-06,17,AT037
ED2023204,2023-01,2023-10,16,AT038
ED2022205,2022-09,2023-04,14,AT039
ED2022206,2022-10,2023-06,16,AT040
ED2022207,2022-09,2023-02,16,AT041
ED2023208,2023-01,2023-06,12,AT042
ED2022209,2022-10,2023-02,18,AT043
ED2022210,2022-12,2023-05,10,AT044
ED2022211,2022-11,2023-03,17,AT045
ED2022212,2022-10,2023-04,20,AT046
ED2022213,2022-10,2023-05,11,AT047
ED2023214,2023-01,2023-06,15,AT048
ED2022215,2022-10,2023-05,12,AT049
ED2022216,2022-12,2023-08,14,AT050
ED2022217,2022-12,2023-04,10,AT051
ED2022218,2022-09,2023-03,18,AT052
ED2023219,2023-01,2023-08,11,AT053
ED2022220,2022-12,2023-07,16,AT054
ED2022221,2022-09,2023-04,16,AT055
ED2022222,2022-11,2023-06,18,AT056
ED2022223,2022-11,2023-04,15,AT057
ED2023224,2023-01,2023-09,12,AT058
ED2022225,2022-12,2023-05,12,AT059
ED2023226,2023-01,2023-06,16,AT060
ED2022227,2022-12,2023-06,13,AT061
ED2022228,2022-10,2023-05,13,AT062
ED2022229,2022-09,2023-04,15,AT063
ED2022230,2022-10,2023-06,13,AT064
ED2023231,2023-01,2023-06,11,AT065
ED2022232,2022-09,2023-02,15,AT066
ED2022233,2022-10,2023-02,14,AT067
ED2022234,2022-12,2023-07,10,AT068
ED2022235,2022-12,2023-05,17,AT069
ED2022236,2022-10,2023-06,18,AT070
ED2022237,2022-11,2023-04,16,AT071
ED2022238,2022-10,2023-05,20,AT072
ED2022239,2022-11,2023-07,12,AT073
ED2022240,2022-11,2023-07,14,AT074
ED2022241,2022-09,2023-02,11,AT075
ED2023242,2023-01,2023-08,18,AT076
ED2022243,2022-11,2023-03,19,AT077
ED2022244,2022-10,2023-06,20,AT078
ED2022245,2022-10,2023-04,14,AT079
ED2022246,2022-12,2023-05,10,AT080
ED2022247,2022-10,2023-05,11,AT081
ED2022248,2022-09,2023-05,10,AT082
ED2022249,2022-10,2023-04,16,AT084
ED2023250,2023-12,2024-07,15,AT001
ED2023251,2023-11,2024-05,17,AT002
ED2023252,2023-12,2024-06,17,AT003
ED2023253,2023-11,2024-05,15,AT004
ED2023254,2023-10,2024-05,17,AT005
ED2024255,2024-01,2024-07,20,AT006
ED2024256,2024-01,2024-07,10,AT007
ED2023257,2023-12,2024-05,20,AT008
ED2024258,2024-01,2024-06,16,AT009
ED2024259,2024-01,2024-06,18,AT010
ED2023260,2023-11,2024-04,13,AT011
ED2023261,2023-09,2024-03,10,AT012
ED2023262,2023-10,2024-06,17,AT013
ED2023263,2023-10,2024-02,20,AT014
ED2023264,2023-10,2024-02,19,AT015
ED2023265,2023-12,2024-05,14,AT016
ED2024266,2024-01,2024-08,20,AT017
ED2023267,2023-11,2024-03,20,AT018
ED2023268,2023-10,2024-06,12,AT019
ED2024269,2024-01,2024-06,12,AT020
ED2023270,2023-10,2024-06,13,AT021
ED2023271,2023-10,2024-06,13,AT022
ED2023272,2023-11,2024-04,11,AT023
ED2023273,2023-12,2024-04,13,AT024
ED2023274,2023-11,2024-05,10,AT025
ED2023275,2023-11,2024-03,10,AT026
ED2023276,2023-11,2024-06,20,AT027
ED2023277,2023-12,2024-07,10,AT028
ED2023278,2023-11,2024-05,10,AT029
ED2023279,2023-12,2024-04,12,AT030
ED2023280,2023-10,2024-06,13,AT031
ED2023281,2023-09,2024-03,19,AT032
ED2023282,2023-11,2024-07,18,AT033
ED2023283,2023-11,2024-03,16,AT034
ED2023284,2023-12,2024-07,20,AT035
ED2023285,2023-12,2024-07,14,AT036
ED2023286,2023-09,2024-03,16,AT037
ED2023287,2023-09,2024-05,11,AT038
ED2023288,2023-10,2024-05,19,AT039
ED2023289,2023-09,2024-05,11,AT040
ED2023290,2023-10,2024-03,20,AT041
ED2023291,2023-09,2024-04,17,AT042
ED2023292,2023-11,2024-05,15,AT043
ED2024293,2024-01,2024-08,10,AT044
ED2023294,2023-11,2024-06,11,AT045
ED2023295,2023-09,2024-01,10,AT046
ED2023296,2023-12,2024-08,10,AT047
ED2023297,2023-11,2024-03,10,AT048
ED2023298,2023-09,2024-03,10,AT049
ED2023299,2023-10,2024-03,10,AT050
ED2023300,2023-09,2024-02,13,AT051
ED2023301,2023-10,2024-06,20,AT052
ED2024302,2024-01,2024-08,19,AT053
ED2023303,2023-09,2024-04,10,AT054
ED2023304,2023-10,2024-02,17,AT055
ED2024305,2024-01,2024-06,11,AT056
ED2023306,2023-09,2024-01,18,AT057
ED2023307,2023-12,2024-08,19,AT058
ED2024308,2024-01,2024-08,16,AT059
ED2023309,2023-11,2024-07,17,AT060
ED2023310,2023-09,2024-05,18,AT061
ED2023311,2023-11,2024-07,17,AT062
ED2023312,2023-12,2024-07,19,AT063
ED2023313,2023-12,2024-06,10,AT064
ED2023314,2023-12,2024-04,10,AT065
ED2023315,2023-11,2024-06,16,AT066
ED2023316,2023-09,2024-02,10,AT067
ED2024317,2024-01,2024-09,12,AT068
ED2023318,2023-09,2024-04,14,AT069
ED2023319,2023-09,2024-02,20,AT070
ED2023320,2023-10,2024-02,16,AT071
ED2023321,2023-10,2024-06,14,AT072
ED2023322,2023-10,2024-05,11,AT073
ED2023323,2023-09,2024-04,16,AT074
ED2023324,2023-10,2024-05,10,AT075
ED2024325,2024-01,2024-07,15,AT076
ED2023326,2023-12,2024-05,17,AT077
ED2023327,2023-09,2024-04,10,AT078
ED2023328,2023-12,2024-04,18,AT079
ED2023329,2023-11,2024-06,14,AT080
ED2023330,2023-09,2024-01,15,AT081
ED2024331,2024-01,2024-10,10,AT082
ED2023332,2023-11,2024-03,13,AT084
ED2024333,2024-10,2025-05,20,AT001
ED2024334,2024-09,2025-05,17,AT002
ED2024335,2024-09,2025-02,18,AT003
ED2025336,2025-01,2025-07,18,AT004
ED2024337,2024-12,2025-05,17,AT005
ED2024338,2024-10,2025-03,18,AT006
ED2024339,2024-09,2025-03,12,AT007
ED2024340,2024-12,2025-07,13,AT008
ED2024341,2024-12,2025-07,12,AT009
ED2025342,2025-01,2025-06,19,AT010
ED2024343,2024-12,2025-08,18,AT011
ED2024344,2024-12,2025-04,14,AT012
ED2024345,2024-12,2025-07,20,AT013
ED2024346,2024-10,2025-06,16,AT014
ED2024347,2024-10,2025-06,14,AT015
ED2024348,2024-11,2025-04,11,AT016
ED2024349,2024-12,2025-04,13,AT017
ED2024350,2024-12,2025-04,13,AT018
ED2024351,2024-09,2025-03,12,AT019
ED2024352,2024-12,2025-07,16,AT020
ED2024353,2024-10,2025-03,13,AT021
ED2024354,2024-11,2025-05,16,AT022
ED2024355,2024-09,2025-05,17,AT023
ED2024356,2024-12,2025-04,15,AT024
ED2024357,2024-10,2025-04,10,AT025
ED2025358,2025-01,2025-09,10,AT026
ED2025359,2025-01,2025-07,12,AT027
ED2024360,2024-10,2025-05,11,AT028
ED2025361,2025-01,2025-08,18,AT029
ED2024362,2024-10,2025-05,16,AT030
ED2024363,2024-11,2025-06,13,AT031
ED2024364,2024-12,2025-05,16,AT032
ED2024365,2024-11,2025-07,12,AT033
ED2024366,2024-12,2025-08,13,AT034
ED2024367,2024-12,2025-04,16,AT035
ED2024368,2024-09,2025-04,15,AT036
ED2024369,2024-09,2025-03,19,AT037
ED2024370,2024-11,2025-07,11,AT038
ED2024371,2024-09,2025-01,11,AT039
ED2024372,2024-12,2025-07,16,AT040
ED2024373,2024-09,2025-05,16,AT041
ED2024374,2024-09,2025-01,19,AT042
ED2024375,2024-11,2025-06,14,AT043
ED2024376,2024-12,2025-06,17,AT044
ED2025377,2025-01,2025-06,19,AT045
ED2025378,2025-01,2025-10,12,AT046
ED2024379,2024-12,2025-04,12,AT047
ED2024380,2024-10,2025-02,18,AT048
ED2024381,2024-09,2025-05,19,AT049
ED2024382,2024-11,2025-06,11,AT050
ED2024383,2024-09,2025-01,20,AT051
ED2024384,2024-10,2025-05,11,AT052
ED2024385,2024-12,2025-07,17,AT053
ED2024386,2024-09,2025-01,15,AT054
ED2024387,2024-11,2025-03,19,AT055
ED2024388,2024-12,2025-05,11,AT056
ED2024389,2024-11,2025-06,18,AT057
ED2024390,2024-10,2025-03,15,AT058
ED2024391,2024-09,2025-01,19,AT059
ED2025392,2025-01,2025-06,17,AT060
ED2025393,2025-01,2025-10,15,AT061
ED2024394,2024-11,2025-06,16,AT062
ED2024395,2024-09,2025-01,10,AT063
ED2024396,2024-09,2025-04,17,AT064
ED2024397,2024-09,2025-05,17,AT065
ED2024398,2024-10,2025-03,12,AT066
ED2024399,2024-09,2025-01,10,AT067
ED2024400,2024-11,2025-05,13,AT068
ED2024401,2024-12,2025-04,20,AT069
ED2024402,2024-11,2025-03,17,AT070
ED2024403,2024-10,2025-06,17,AT071
ED2025404,2025-01,2025-09,12,AT072
ED2025405,2025-01,2025-06,13,AT073
ED2024406,2024-11,2025-04,16,AT074
ED2025407,2025-01,2025-08,13,AT075
ED2024408,2024-11,2025-03,10,AT076
ED2024409,2024-09,2025-01,14,AT077
ED2024410,2024-12,2025-06,10,AT078
ED2024411,2024-10,2025-02,13,AT079
ED2024412,2024-11,2025-05,10,AT080
ED2025413,2025-01,2025-06,14,AT081
ED2024414,2024-09,2025-05,18,AT082
ED2024415,2024-12,2025-06,16,AT084
