codice_fiscale,nome,cognome,eta,sesso,immatricolato
TRCBRC03M20F473W,Roman,Filippini,30,M,true
GNTFBA34D46L276S,Giorgia,Piazzi,12,F,false
BNMSLV10E60H987N,Liberto,Beccaria,13,M,false
TRNVNS61B10F192R,Orlando,Polani,16,M,false
PGLMRS10T16D014R,Sandra,Toselli,27,F,true
TRTFRN47T13A008Z,Laura,Badoglio,18,F,false
BCCDRD20L44M416C,Enrico,Troisi,19,M,true
CSDLNR09C14I930G,Tullio,Meucci,21,M,true
TMSSMT36L20G247P,Bartolomeo,Zanzi,26,M,false
BRSLVI04D65I875G,Angelo,Pausini,25,M,false
SCHSLS39C51B399F,Gioele,Bottigliero,21,M,false
RGGFDG54A52F933H,Greco,Morucci,15,M,false
CRVRAI62D24D847G,Ernesto,Filangieri,24,M,true
TSSGNT55A44L778T,Venancio,Giusti,30,M,true
RGNFST79S58E320Q,Maura,Mortati,19,F,true
BSSTTN49S59C441R,Umberto,Giradello,29,M,true
CTTLZR51H54F257K,Carla,Ferrazzi,20,F,true
MNLMME23B03A591C,Amadeo,Ferragni,21,M,true
MRSMRL16A31B532G,Ornella,Gianetti,22,F,true
BNVNZE25R68C641X,Maurilio,Boiardo,17,M,false
GRFMRN26P01D740N,Sabatino,Rossellini,21,M,false
BDGRSR29S43A863D,Carolina,Falcone,25,F,true
BSSSTL83S19B917N,Alessandra,Gioberti,16,F,false
PRRGRN04S16B369T,Piergiuseppe,Aulenti,25,M,true
VSRSTN98D03A387A,Barbara,Palumbo,23,F,true
PVNLBC66M54L225L,Lodovico,Abatantuono,20,M,true
BTTTTE34E04F375B,Imelda,Dossetti,24,F,false
CRBTTE70T27E041O,Panfilo,Querini,23,M,true
DNNGCN54D51F666E,Gabriele,Mortati,13,M,false
FSCPPZ05E59L614A,Marco,Gatto,30,M,false
CNTLVI71L49I879H,Oreste,Tasso,19,M,false
PLMZEI86T42I332P,Giancarlo,Botta,30,M,false
PSCRMG10B45H733O,Laura,Basso,19,F,true
CNLLNE44H58F443G,Ottavio,Guidotti,30,M,true
BTTTNI09D27I443O,Napoleone,Maggioli,30,M,true
GNTLCU53D53A366L,Alessio,Cipolla,29,M,true
VNTFRC43S07E588H,Martina,Troisi,30,F,true
CCCBGI42D45D085S,Alessio,Opizzi,24,M,true
BRGCRD72A55L406O,Victoria,Bosio,28,F,true
NTNFBA97S02I271Z,Rosaria,Avogadro,30,F,true
STPDNT01P70L017P,Nicoletta,Mennea,26,F,false
BSDGNZ15P63D688M,Gastone,Brancaccio,16,M,false
NCLVCR98P02A084U,Claudio,Antonioni,21,M,true
BRSVLT63L17A794S,Girolamo,Carducci,22,M,true
BLBTRT46E47E724E,Enrico,Pietrangeli,13,M,false
QSMGBL54S01E258R,Ottone,Coppola,17,M,false
TMSLRT76M21C917E,Milo,Bragaglia,20,M,true
SCRFDC59L01F106E,Domenico,Camuccini,24,M,true
MNRTZN20M24C100B,Sante,Bondumier,27,M,true
NVNPCC61L60E908Y,Gioachino,Bossi,30,M,true
RSMSRN77P13G456X,Lucia,Gozzi,30,F,true
TRTNNR22T25L143X,Lamberto,Lombardi,18,M,false
PLMNPN01B67D270Y,Teresa,Versace,26,F,false
GRBSIA42C15B789Q,Benedetto,Tozzi,24,M,true
STCRMD53B58H338U,Liana,Falier,24,F,true
NVNNNI84E63A097S,Pierpaolo,Antelami,19,M,true
LNRCLL01P10C778Q,Sole,Iannucci,17,F,false
PGNNTN69T45L118Z,Graziella,Tutino,16,F,false
BDRSRS03B47L474M,Costantino,Venturi,21,M,true
TRVDMN14C45H037Z,Gianna,Tarantini,23,F,false
TRNLLT82D13C911P,Tiziana,Ferrari,18,F,false
SRAMRA59M20B643Q,Paloma,Satta,26,F,true
RGGLDC62M22G849L,Mirco,Morlacchi,12,M,false
NLCMRN68L29F849M,Luisa,Gozzi,29,F,false
CFFLSN30H13C789J,Uberto,Treccani,30,M,true
DPRLGN02E17E081I,Lina,Comencini,28,F,false
BXISTN75C03A080B,Ilaria,Zabarella,18,F,false
LNFNNI85S46I316B,Michelotto,Mazzocchi,22,M,true
GTASLT58H63E484B,Giustino,Baglioni,23,M,true
BCCSNO96D19B605O,Fredo,Barbarigo,23,M,true
DLLGLI07L17I585I,Bianca,Tamburello,16,F,false
SGNTTE41L12B194K,Donatella,Casaleggio,28,F,true
TRCFST04A44L703W,Gemma,Chiappetta,14,F,false
GRRRMI68R31D247Q,Carmelo,Celentano,25,M,true
TRLPMP21H48G205X,Gioacchino,Moresi,27,M,true
TRMTMT30S54G019L,Livia,Mercadante,26,F,true
RRONCL40M70B303L,Milena,Callegaro,12,F,false
CMRTTV13H54L666E,Raffaele,Opizzi,17,M,false
SLRRMI52E08D550J,Mattia,Silvestri,12,M,false
SRGVEA72E03L252F,Francesca,Camanni,19,F,false
CLLCML18M26E761R,Ippazio,Abba,18,M,false
GRBZRA63A23E486Z,Ermanno,Pelli,29,M,true
NNZBNC58H08C946W,Tiziano,Caffarelli,19,M,true
CSLPLM02A16C885Q,Geronimo,Fusani,27,M,true
CMMSIA88C07A676C,Paloma,Guicciardini,28,F,true
MRSPLM97H29A051W,Fiorino,Stefanelli,26,M,true
BLSVNN03D10A717V,Etta,Doria,21,F,true
SCTLSU62C27H321Y,Laura,Vergassola,29,F,true
STCGLI93C66C993N,Lando,Prati,29,M,true
TRNPLT00B10H443P,Lara,Caironi,22,F,true
CRFSMT04P15G856B,Adriano,Pedersoli,14,M,false
FRRTNO42T15L475O,Carla,Trobbiani,25,F,true
NNLNGL02C42I028T,Bianca,Troisi,14,F,false
GRCGNI42M60D959B,Evangelista,Offredi,25,F,true
PLTTTE88D14H940M,Raffaele,Avogadro,14,M,false
CLIFLP63E66H786Y,Bianca,Gucci,21,F,true
LMBJLD66B06D596E,Pierangelo,Trentini,18,M,false
MRSPNI67R02G875O,Pierluigi,Oliboni,16,M,false
VRGMRA93D13L416H,Augusto,Campanella,30,M,true
RNZDNI23E29G097S,Bettina,Speri,26,F,true
JVRRMN02H56L271F,Coriolano,Parini,15,M,false
FCNLFA91M66C417T,Virginia,Sordi,30,F,true
LNRRMN13E13A930O,Victoria,Visconti,18,F,false
NNCNPN75H53G397B,Bartolomeo,Blasi,22,M,false
LGRMLN15P22I780S,Giosuè,Maderno,18,M,false
MNNLTZ22M02D540W,Fernanda,Verga,23,F,true
CZZGST83D63A776P,Sole,Caruso,19,F,true
NSTLNI18H16F205Z,Mariano,Caracciolo,30,M,true
ZTTMNC12M28D969A,Franco,Cignaroli,17,M,false
MPSBNC17L01B419H,Lucio,Ottino,18,M,false
FNZFLV06H61H405I,Roberto,Lombardi,29,M,true
BTTMLT88B49B280F,Pier,Solimena,29,M,true
CSSLBT69A71E229Z,Carlo,Travaglia,12,M,false
SCNLNE05T23E949S,Annetta,Babato,22,F,true
BRZRSR94P47I165G,Coriolano,Campanella,15,M,false
ZCHLRA68B09M086L,Angelica,Bonaventura,18,F,false
DNRRNR17C63A461S,Agostino,Doria,23,M,true
SLVVNN24D52B564M,Pomponio,Fornaciari,15,M,false
FRRSLV06E14A663F,Stefania,Perozzo,17,F,false
PLNMTT18S59B319Z,Priscilla,Campano,20,F,true
MNLGLM70A29I007U,Serafina,Sagredo,30,F,false
MNTTTN55D42D166T,Iolanda,Barcaccia,14,F,false
SNTLBC57E44I153K,Lorenzo,Pisaroni,21,M,true
MNNLNR53C22B656H,Atenulf,Giacconi,27,M,true
MNTMNC58H18E326J,Beatrice,Boiardo,16,F,false
SPRNZE70B58D315K,Giacobbe,Quasimodo,27,M,true
RNGLRA73B22A162P,Oreste,Marsili,13,M,false
RMZRLD76P65E922O,Amico,Zoppetto,26,M,true
DLLDIA56E03G408J,Sylvia,Dossetti,19,F,true
TRNGML64P51I554S,Ippazio,Ungaretti,16,M,false
VTTGSR31D52C113J,Barbara,Mantegna,29,F,true
CLBNNS84P28I137M,Lucrezia,Cheda,15,F,false
NRBRND30M65A191A,Bruno,Piccio,17,M,false
SNDLLL80D07B501L,Veronica,Cremonesi,25,F,true
TRBPCC24S52A476L,Elena,Morellato,26,F,true
FDRMRH22D14I391V,Calcedonio,Casini,28,M,true
TGLDLA57R07E338F,Tatiana,Collina,14,F,false
PSSDNG01C65A023U,Irma,Camanni,20,F,false
MRGRSR64C06E912K,Letizia,Goldoni,28,F,true
RTHNSD22S48G582Q,Sophia,Taliani,19,F,false
TNSLBT04S50B428T,Aria,Parini,12,F,false
SCRVLR89E08H714Y,Luciano,Abbagnale,21,M,true
FRRFRD36A50C835H,Fernanda,Zacchia,23,F,true
BRNGMM63S13G811H,Paolo,Comencini,14,M,false
BRSLCI63R09I145V,Maura,Porzio,26,F,false
MRPGMR09C53G661D,Cipriano,Casagrande,30,M,true
TBLMRN20P22C890U,Adelasia,Travaglio,12,F,false
FLRDNL69T46I119X,Bianca,Tomasini,22,F,true
PNZTLL19E44M368S,Ettore,Lucarelli,28,M,true
FTTBNT36T50B390H,Luca,Colletti,21,M,false
CSNRNF92S44L586Y,Bernardo,Totino,27,M,false
CPPGRN85C22H449X,Ansaldo,Gritti,17,M,false
PGFLDN13E46I612J,Allegra,Sgarbi,16,F,false
GRTCHL34L56F599D,Silvestro,Chinnici,22,M,true
TRBPRG74M45E264K,Ugolino,Varano,29,M,false
FTTLSS59A61C548Y,Osvaldo,Caccioppoli,29,M,true
PLZPLA83S53A878R,Romana,Boiardo,12,F,false
PTRCRN29H04F811O,Fedele,Palazzo,23,M,false
CSNSNO62B16A482U,Maria,Roth,25,F,false
MZZPLN19C26C404T,Stefano,Vecoli,18,M,false
RFFSRN43E09B081N,Gianmarco,Cendron,14,M,false
BVORST50P59B541K,Rosa,Monte,14,F,false
RPSLGU76R71A533M,Goffredo,Geraci,21,M,true
MRNSLV95H55D132O,Veronica,Storladi,18,F,false
FGGGRL76S11I824D,Fabio,Pederiva,23,M,true
LDVGRG39P27A088Z,Angelo,Zacchia,14,M,false
SCNNTT77B23C868D,Gioachino,Ciampi,25,M,true
TRSDLM36P49A756K,Amalia,Morosini,26,F,true
BRZCLR37B41E902H,Maria,Cimarosa,30,F,true
TSLGSI53C55I977Y,Marissa,Luzi,17,F,false
DSDDLN69H68C093H,Anita,Panzera,27,F,true
LXRGNR16R65E208J,Piero,Moschino,27,M,true
VNDLNI68P30C340J,Marcantonio,Dellucci,12,M,false
GZZBRT53S49G990Z,Antonio,Taliani,18,M,false
FLZMLA09T25G325A,Tina,Turci,14,F,false
BNDRBT00R67D493M,Lolita,Frescobaldi,25,F,true
RTCNNI35T12H497R,Enrico,Marangoni,23,M,true
TSOBNC65L06H373D,Ninetta,Bianchini,21,F,true
BRSLGO21L04B230U,Riccardo,Rubbia,13,M,false
CDUDNT39P45D112H,Romina,Leoncavallo,15,F,false
GRFDRT25T56L826K,Nino,Martinelli,28,M,true
VCLFRC98B41B559A,Victoria,Piccio,25,F,true
SPNRTR74E71L002T,Vincenzo,Petrocelli,15,M,false
TCCLLN96A18F293T,Ludovico,Turci,22,M,false
SDDRFL92P63B198B,Marcella,Gremese,25,F,true
GRSDNT20A62G455G,Ludovica,Notarbartolo,29,F,true
CRDRMD07C43L624Y,Rolando,Marcacci,24,M,true
TRTSMN01L55E203E,Ermanno,Antonetti,29,M,true
DLBPLM31M21B289I,Alessandra,Mantegazza,26,F,true
SRLRSN70H17H183T,Germana,Paruta,13,F,false
RSNGRC88L29I767I,Gilberto,Garrone,16,M,false
SLLLNE17A31M401Q,Teresa,Liverotti,13,F,false
GNVMSM46M63G385Y,Coriolano,Armellini,26,M,true
CTRNNI04B48C986R,Silvestro,Rinaldi,24,M,true
MNTCLD87L01M294P,Paola,Gramsci,16,F,false
BLLMRA83D02L008W,Pierina,Pizzo,19,F,true
CSRLGO21D23H566E,Stefania,Paoletti,19,F,true
MRNCSN61E43M163N,Corrado,Gentilini,23,M,true
FTTRFL67D60I296E,Pina,Berlusconi,12,F,false
FCNLGO68P04E707S,Pomponio,Versace,12,M,false
BGTBRC32H02C123V,Lidia,Anguillara,17,F,false
BRNTTN66L22D021R,Gaspare,Sanudo,17,M,false
STRDRN43R13F772V,Marcantonio,Giannotti,14,M,false
PTRPRN36L21L378Z,Irma,Bombieri,19,F,true
BGTMLS94A25I994M,Roberta,Corbo,15,F,false
SBRRRA47M15F574Y,Elladio,Pavone,30,M,true
CNLCSN80L18A327O,Tiziana,Casalodi,29,F,true
PGNGRL23D24G388Q,Valerio,Pignatti,23,M,true
VSRGNN09S24G555P,Bettina,Seddio,16,F,false
BVOLDN08L61M267S,Ludovica,Cicala,22,F,true
BLLTNI31S24I771V,Giorgia,Desio,22,F,true
PTRTZN82H22C517H,Alessia,Cutuli,15,F,false
BRSGFR11T51F614L,Annibale,Orlando,30,M,true
PRLTTE73E08L675Z,Gelsomina,Tiepolo,30,F,true
GRGMRA23B51L715S,Annamaria,Tamborini,20,F,true
BVOMTD96D25C388Q,Luca,Saragat,13,M,false
TRLMCL76H53E683T,Clelia,Ungaretti,12,F,false
CTTMRN55R48D245P,Imelda,Faugno,18,F,false
BRRLPN52S66B235S,Ferdinando,Favata,22,M,true
GLTPRC58S20F632Z,Fabrizio,Sordi,28,M,true
PRNPLN90M22M136S,Veronica,Varano,16,F,false
PCLRRA20E10A929Q,Graziella,Balla,20,F,true
LBNRSN90A10D496X,Teresa,Trevisani,21,F,true
GBBLSS36H09F231R,Serena,Angiolello,22,F,true
TNZBNN01B43A116J,Letizia,Spanevello,19,F,true
MZZGLI13D53L183C,Ramona,Pagliaro,15,F,false
TTNGCM31A66G282A,Leopoldo,Columbo,13,M,false
GRSRBT29E07I641R,Elmo,Argan,16,M,false
TPLTTE64B04E764E,Ranieri,Goldoni,22,M,true
BRNFRN85C04I166A,Giulia,Disdero,30,F,true
BZOLSN68S51M204I,Stella,Mercalli,25,F,true
CNTBGI32T47E779T,Ludovico,Ariasso,24,M,true
LTRRND78R69E161L,Ronaldo,Onio,20,M,true
GRDPTZ36M53M297X,Lidia,Cadorna,28,F,false
SCHPRN87T41M170B,Piergiuseppe,Stoppani,20,M,true
BNDMDA62B68G807T,Paola,Finetti,25,F,true
MZZMLE47S55A590Z,Marcantonio,Ferrante,28,M,true
MSSFRC45R58I571H,Donato,Alfonsi,14,M,false
SMLSIA26T11D830N,Raffaellino,Donarelli,20,M,false
BRCFBA97E10C014B,Daniele,Jovinelli,25,M,true
NNLTTE46B27I374J,Ugo,Lamborghini,29,M,true
BRSLLD76E68D717M,Fulvio,Camanni,12,M,false
SRRMLI40B68D462O,Pasqual,Morandini,30,M,true
RTSGLR40T02L230K,Michele,Agazzi,20,M,true
RTSPMP51B60A292X,Dina,Segrè,22,F,true
MCCGBL15P45C338U,Jolanda,Michelangeli,30,F,false
DNSRLD40M47B897U,Roberto,Toscanini,22,M,true
CSTBRN48T61B132B,Cristina,Giolitti,28,F,false
CNNGSP63A03G615C,Sonia,Sagredo,20,F,true
TRSGNR45C46E305S,Bettina,Almagià,16,F,false
CEORNT22C09C759Y,Ludovica,Badoer,30,F,true
SLVLDI09P03G856U,Angelina,Gussoni,25,F,true
VRSRST42E60A910H,Pierpaolo,Pergolesi,14,M,false
TRNLME10C45B949X,Matilda,Bartoli,23,F,true
BRGFDC35C57L009O,Mirko,Rosiello,17,M,false
CRDLSU98H18I294N,Eva,Tamburini,23,F,true
PCCGLR61M16H301X,Sole,Fo,13,F,false
GRGPTZ98E21E714Q,Martina,Galuppi,15,F,false
TSOGDI83D18B491C,Federigo,Ciampi,14,M,false
FRMPRS20C67L873K,Gionata,Cibin,27,M,true
ZMNGCH71S64C649E,Giuliano,Pinamonte,22,M,true
FRMGSN70R57F937Q,Mercedes,Bartoli,22,F,true
SBRPCC41M64G267Q,Raffaella,Andreozzi,26,F,true
VRCMCL00H63B279V,Tiziana,Veltroni,27,F,true
GBBSYV05P25F380U,Matilda,Udinesi,19,F,true
PTRGLR42S26A856G,Irma,Pisani,16,F,false
GSPBTN95D02E759T,Melania,Zacco,21,F,true
CTTTTV49R41E431I,Santino,Tiepolo,30,M,true
TRRLCU77D59D003N,Calogero,Bignardi,12,M,false
PVNMRA75S06H848G,Bernardo,Ficino,30,M,true
NCCGRM22E53B278J,Michele,Savorgnan,18,M,false
NTNGRL94C03H428C,Lina,Pizzamano,26,F,true
RSMNGL57B53I405P,Arturo,Fantoni,25,M,true
FDRVRN38R05I333X,Ludovica,Lombroso,23,F,true
MDGRCC70L50D902M,Pomponio,Naccari,14,M,false
MTABRR66L19A198J,Giampiero,Geraci,19,M,false
FRNBNC96H26D974S,Napoleone,Catalano,17,M,false
BNNRLD37M43A802U,Pierpaolo,Legnante,25,M,true
TRPVIO18A71A795N,Manuel,Martucci,13,M,false
RMNFDC01S29C513K,Nico,Santorio,27,M,true
PLZGLI42A64F258M,Luciana,Ceri,14,F,false
PNCMRN27R45A661I,Biagio,Geraci,23,M,true
RSTZRA71D30F511R,Cecilia,Lovato,28,F,false
BSRRNR18S50H889F,Stella,Bellini,26,F,false
CPPMRN59A41B582G,Fernanda,Vecellio,19,F,true
QRNPLN26B16H119B,Matilda,Tognazzi,26,F,true
NNCFRN52A19L881K,Edoardo,Zaccardo,30,M,true
CMNFDL48L42B173B,Iolanda,Curci,22,F,true
GRSCRL17A63L730O,Victoria,Gentileschi,25,F,true
PNNLLR78L16A616O,Bianca,Catenazzi,13,F,false
FDRCHR70C24L193Q,Bernardo,Finetti,25,M,true
FVTPNL24B62G352H,Lazzaro,Sbarbaro,13,M,false
FRRVNN24L02F244D,Luigina,Pavanello,22,F,true
MRRDNI31S11H224O,Lidia,Galilei,23,F,true
GNSPRI33D50B375S,Delfino,Doria,20,M,true
SLATTR49C61G859Y,Imelda,Grassi,19,F,true
CVSFBA43S59L967S,Angelina,Mazzi,26,F,true
TTNFDC12M01E799I,Marissa,Crispi,28,F,true
NTRRNF11L61C865K,Caterina,Baglioni,21,F,true
BLDFRC30D05E507Q,Michela,Battaglia,20,F,true
MNZRNT14M59C227C,Adelasia,Maffei,17,F,false
MZZSMN44T46L532L,Maura,Mantegna,22,F,false
GRNRST45B49I873Y,Filippo,Sollima,20,M,true
SNDPLN44D25G462V,Cassandra,Inzaghi,22,F,true
BBBPLT77D23G474G,Tatiana,Piane,28,F,true
FNTGLM96H21F666T,Patrizia,Comolli,16,F,false
BNNCCL91R17I594I,Nico,Trevisan,21,M,true
RGGGNN09A02G318N,Guarino,Schicchi,19,M,true
RLNCRT13E24F644U,Valerio,Tutino,19,M,true
RNRNNT33P01B528Z,Federico,Tarantino,29,M,false
SSMLND05H49E850D,Ettore,Ziani,16,M,false
PSNLPD09B68D332H,Ronaldo,Smirnoff,27,M,true
NNCDIA46B04I462I,Griselda,Asprucci,17,F,false
BNTSLV83D42I937B,Eliana,Druso,25,F,true
PPIGLN25M63H453Z,Temistocle,Cardano,29,M,true
PSCLMR87M66L715X,Giorgia,Pellegrini,29,F,false
CFRVNS42S06H598H,Chiara,Lettiere,15,F,false
VRNLDC08P43D670M,Benvenuto,Bajamonti,22,M,true
SQRMSM17D55F628P,Giovanna,Condoleo,17,F,false
PCNNNT45D13D988B,Lucia,Pigafetta,20,F,true
NDRGFR17R53C059T,Vincentio,Argan,21,M,true
CLLMCA29C58G136A,Maura,Ruggeri,18,F,false
DSUTRS96M19A283R,Concetta,Savorgnan,15,F,false
MNLMRN79A46F046J,Venancio,Gravina,26,M,false
LNUSPH24L30G346G,Iolanda,Mannoia,21,F,true
BTGCLD35L19G110L,Amalia,Sagese,15,F,false
MRTMNC35C13F999I,Gloria,Guinizzelli,27,F,false
MRRNTL26D44H227N,Rocco,Cavalcanti,19,M,true
MRRPRN95D67B822G,Antonio,Nonis,17,M,false
BRGFDL28D44G703O,Susanna,Fantoni,27,F,true
NVRGLN88A47D645A,Romolo,Malenchini,29,M,true
CHDCLD20P62E368F,Isa,Bignardi,25,F,true
ZMPTTN40P26I061Y,Mauro,Scandone,28,M,true
ZCHNTL86L07E305U,Orazio,Binaghi,27,M,true
STPBTN43S13G286Y,Stefania,Lucciano,25,F,true
VDNFRC72D02B587O,Isa,Savorgnan,13,F,false
BRNLND57A30A470J,Lolita,Schiavo,23,F,true
RGNFRN34M14H805I,Giampiero,Gibilisco,21,M,false
CGNMRN87M21F876A,Girolamo,Ferrata,28,M,true
SSNCHL38D58I425C,Gaspare,Pace,20,M,true
FRRGLI48L45G166R,Luchino,Gradenigo,20,M,true
NCLLSI34L21C618H,Giulia,Fieramosca,13,F,false
CPPCLD55C23E763U,Ruggero,Jovinelli,16,M,false
MRZPSL38E43I042T,Edoardo,Petruzzi,20,M,false
TTNLDC03M02B248Z,Margherita,Casagrande,25,F,true
GRRMRS15B11B969D,Marco,Borsiere,23,M,true
RSSGBL35B14A945L,Beatrice,Sbarbaro,30,F,true
BRZTLL48A52C129X,Valerio,Inzaghi,24,M,true
CBRRSN64B21L753N,Raimondo,Martucci,15,M,false
DDUGLT07L02D890A,Gianmarco,Montalcini,23,M,false
GGLLRZ99M66I232D,Zaira,Disdero,17,F,false
GSTRMI66C04B169X,Lazzaro,Combi,13,M,false
MRRRSN67D11C707V,Diana,Giulietti,15,F,false
GNVSTL35C05B628S,Lidia,Casaleggio,25,F,false
RGGGNT12L41G478V,Luisa,Paolini,18,F,false
BRTSRN87A20H109Y,Fabia,Marazzi,20,F,true
TCCCPN76H51B864P,Enzo,Scamarcio,29,M,true
PZZRSO80R13G779Y,Fabrizio,Curiel,15,M,false
GLTLDN13T70E660S,Fulvio,Casarin,12,M,false
DRGLDA04R68E852Y,Fiamma,Bernetti,29,F,true
BRSSTN40R24A080I,Filippa,Rizzoli,28,F,false
SRRDLS05L20A752Y,Ornella,Ariasso,29,F,true
ZRLFLR25S26D911E,Giampiero,Bruno,22,M,true
CTNLCN11M16D651B,Pellegrino,Cuomo,12,M,false
NVIMLT79M58C816S,Flavia,Ruffini,20,F,true
PPIGNG93T61E535Q,Livio,Gatto,18,M,false
FBNNGL49T42L120Y,Fabio,Corbo,12,M,false
SLRNNS54E25F628I,Damiano,Petrassi,28,M,true
RNSLVR96M01I503O,Tatiana,Infantino,19,F,true
DLLRFL56S01H357A,Giacinto,Soranzo,12,M,false
GRSMME39M09L218N,Nicolò,Vidoni,30,M,true
MNCLPD60L45L685G,Adriana,Cossiga,18,F,false
BRGBRR82B24D712M,Achille,Micca,29,M,true
RSSNTN20L57I096M,Serafina,Chigi,17,F,false
FTTBNC14C10C810Z,Sandro,Staglieno,21,M,true
FLNFRZ18H54F356X,Ermes,Schiavone,15,M,false
BMBDLS34D27I950F,Fabio,Niggli,25,M,false
NTLDMN63B58E915C,Silvia,Morlacchi,19,F,true
ZCCRSR82P14B118B,Giulio,Farnese,30,M,true
FLPTNO29R69E055W,Arnulfo,Antonello,19,M,true
DLLZGL91P69B984I,Ilaria,Pavanello,24,F,true
MJWGLN64S64F338W,Vincentio,Cantimori,21,M,true
PVNDRD71L48A587L,Elisa,Dandolo,30,F,false
CLLBLS64M57F538M,Pierluigi,Saragat,28,M,true
RDERNT25E64B275G,Bettina,Bonolis,25,F,true
GNZRKE72A17L419Y,Rosina,Verdi,12,F,false
SCLLLN30H03F758T,Marcella,Tolentino,24,F,true
GLLCTN08L23E014S,Annalisa,Giannini,28,F,true
TRNMRA94H22L912C,Alderano,Torricelli,26,M,true
ZNCSRN41D30E972I,Giorgio,Boccioni,17,M,false
QRNVNN20H02B126M,Gelsomina,Martinelli,29,F,true
CLMFRN90E60C270I,Gionata,Baglioni,20,M,true
MCCGSR67S42H919X,Michela,Travaglia,15,F,false
PTRBNT22L71M420I,Simonetta,Tremonti,18,F,false
TTNRSR13P10H246I,Piermaria,Baggio,26,M,true
PGLLCU59S63B573U,Antonino,Ferretti,20,M,true
GRMLND64T42I061L,Giulietta,Martinelli,17,F,false
CRRGCM46R55E737F,Jacopo,Malatesta,30,M,true
VVLPSL76S49B914J,Natalia,Rizzo,24,F,true
TRVGNN43R29F701P,Jacopo,Camuccini,29,M,true
CNILDC42A15B504C,Iolanda,Scaduto,27,F,true
CCCBNC52R06M173V,Lolita,Forza,18,F,false
BRSMNL28R59I404P,Adamo,Guglielmi,13,M,false
GRMDLM11R51H689E,Alina,Gagliano,29,F,true
TRPLLD61R67L667S,Camillo,Capecchi,17,M,false
CBRVRC13L19L454E,Caterina,Verdone,21,F,true
GSTMCL26D17B712F,Dionigi,Romagnoli,15,M,false
FGNMRN21A27D694E,Luigi,Magnani,30,M,true
MRLLRA32L24E656R,Ciro,Fabrizi,26,M,true
MNDGSP07M71M367Q,Arnulfo,Cristoforetti,24,M,true
PNMLSS73T30A892Q,Giovanna,Bellocchio,17,F,false
PSSPMN18R53H888E,Romeo,Crespi,30,M,true
FNZTNF58H51C634J,Giorgio,Sismondi,24,M,true
TRNLGN70L23G607C,Enrico,Orengo,15,M,false
MNTLSS10S09I135N,Morena,Mastandrea,25,F,true
ZNZRSO84S07H784N,Nadia,Cantimori,30,F,true
LMGMDA79P48F378K,Paloma,Serao,16,F,false
FLNNNS36M05B477R,Pasquale,Casarin,17,M,false
CHCVTR21C67C162M,Evangelista,Castelli,23,F,true
TMSFRZ63S64D559H,Pietro,Fusani,28,M,false
GRFGNE84M05A614Y,Renata,Smirnoff,29,F,true
CRSGNT45T42E223E,Licia,Benedetti,27,F,true
SNTVRC02T25B907L,Alderano,Luzi,28,M,true
CTTFMM53M23A097N,Elladio,Agostini,18,M,false
GMMMRS06L24G982P,Cecilia,Taliani,13,F,false
VZZNNZ76B18F015X,Veronica,Giolitti,27,F,true
BRNGNR76C51H477X,Romana,Foconi,13,F,false
FRRSNR82E54H848E,Biagio,Viviani,30,M,true
CNTMME35E19C630A,Matteo,Finzi,28,M,true
SLVCTN13T29I603C,Ernesto,Odescalchi,29,M,true
SPLRNT57D15B418C,Agnolo,Argento,29,M,false
SNTCRN55T20C505V,Leopoldo,Boccioni,20,M,false
CNRGLS69C70H552R,Lando,Gentileschi,21,M,true
SPSLDI81H13I905W,Cecilia,Morandini,18,F,false
BRGVLR78B17B288U,Greco,Casaleggio,27,M,true
PSNPLN16H19L926L,Silvio,Babbo,22,M,true
BTTCHL72C69A550D,Vanessa,Collodi,19,F,true
NNCGRN43S22A290H,Rossana,Abba,20,F,false
SPLMRN63H41E320N,Tullio,Bertolucci,12,M,false
GZZLBC61B68L046S,Eleanora,Cainero,18,F,false
BSSTTE25R21A530A,Rosalia,Malatesta,22,F,true
TRVGLT17H09E340B,Lucio,Oscuro,26,M,true
BRMNNT06A14G478Q,Maria,Vecellio,15,F,false
GTTDLA67H21I630T,Eleanora,Oscuro,15,F,false
BRSSRN00A31H007U,Lando,Branciforte,24,M,true
CMBMRN65L17E083I,Monica,Micheletti,15,F,false
BRBLRI77B12H086B,Adelasia,Rensi,20,F,true
VRSLND64C05I825W,Mirco,Gregorio,25,M,true
GDTNPN31R49D324T,Paulina,Finotto,14,F,false
BRTGCT59A60B352F,Lucio,Pulci,21,M,true
PLMRLD80A46D734X,Arturo,Modugno,24,M,true
TSCRCR86D44E540N,Amleto,Lussu,21,M,true
DLLDNN56C08F665K,Ennio,Vitturi,25,M,true
PLLMRN82D52C381C,Tiziana,Mancini,21,F,true
CRNGLI01A26L750K,Tullio,Draghi,13,M,false
FLTPLN54E25F810H,Tullio,Luzi,13,M,false
CSSMLD01L22B084I,Antonina,Mocenigo,16,F,false
PRPPSL86B64B287C,Susanna,Renzi,18,F,false
LRNCLD20D29L154G,Antonietta,Oscuro,25,F,true
MRTNCL53L43H735T,Tatiana,Nonis,22,F,true
TRVFDL37T43I230Q,Simonetta,Boccaccio,24,F,true
LBNMRL43D45M424U,Benvenuto,Cibin,15,M,false
GBBGNN63P09B774B,Pasqual,Camiscione,27,M,true
PLMRNZ47H70D951I,Serena,Cafarchia,29,F,true
MRLMTT24P48B865C,Raffaella,Rubbia,16,F,false
PCTSLV31R54G202E,Paulina,Gibilisco,29,F,true
FRRCRL84D65A373Z,Cesare,Fiorucci,19,M,true
SQRLSE86H26E538F,Calcedonio,Bellocchio,18,M,false
PZZMLI75M45A973L,Luigi,Germano,23,M,true
PRTLZR69R41I307X,Loretta,Zanazzo,14,F,false
MNTMLE52P46H655M,Morena,Celentano,19,F,true
TRSVRC30H27I190F,Fabia,Iannucci,24,F,true
JLNMDA00P54B111N,Ludovica,Piovani,16,F,false
BRBLNE57P41C472Y,Iolanda,Argenti,14,F,false
CVLRSN49M11C027B,Greca,Peruzzi,23,F,false
PRNCLD81P61G415D,Stefano,Carriera,27,M,true
TSSLRA67L22C098X,Melina,Pasqua,14,F,false
NNSZGL78H49A490A,Chiara,Gianvecchio,13,F,false
CGNPLA54D54L339A,Ludovica,Bellò,21,F,false
PCANCL56S67B094F,Valentina,Armani,22,F,true
MRTSNN22P66G327H,Vanessa,Bragadin,17,F,false
MNTRMG34R70B677X,Gianluca,Lovato,28,M,true
SGRPRR74R51E654D,Concetta,Jilani,18,F,false
PGNGLT40M08H330S,Ludovica,Bombieri,20,F,true
FGTNGN94R27B734A,Luciano,Cesaroni,26,M,true
TCCVTI08B43F375M,Gianmarco,Giusti,24,M,false
VGLGRN62C53B594J,Fortunata,Einaudi,29,F,true
RSTPLT97H10D861X,Cassandra,Toscani,20,F,true
BRGPRI83B49L097S,Gianna,Giannelli,18,F,false
VLRFRZ85C63I598C,Adamo,Gelli,30,M,true
TLNGFR25M58A891F,Amedeo,Silvestri,29,M,true
BRRVIO33A67E388V,Santino,Detti,16,M,false
BLDVRC27P28A014S,Graziano,Pellico,27,M,true
NNLPMN79B51A677X,Pierluigi,Guarneri,30,M,true
BCSNNZ15T21H989U,Nicolò,Tirabassi,28,M,true
FRRLNR82A29E014Q,Graziella,Conti,15,F,false
DSENNL32R65F595Y,Arnaldo,Pucci,27,M,true
GRGNTN41D67L512B,Gianluigi,Gori,29,M,true
GGLFRN94C59E126Y,Clelia,Gottardi,27,F,true
GRBSMN36T68L366Q,Fernanda,Gagliano,28,F,false
FLNGDI59S24I693T,Alfio,Luna,18,M,false
TSOMRA28B23H635T,Paoletta,Durante,20,F,true
RSSNTA85R31E596L,Nadia,Aporti,12,F,false
PNTVLR70H64D309W,Francesca,Bongiorno,17,F,false
GLGDLS62B07D081I,Gianni,Jovinelli,20,M,true
RTHGNR70P53B864Y,Elladio,Barberini,15,M,false
TRPRLD65H64I441B,Giancarlo,Armani,14,M,false
PVNMRA77D11A035J,Fiorino,Mezzetta,29,M,true
TTNFRN76D48F267J,Romeo,Pistoletto,12,M,false
TNNDNI75B07G852W,Berenice,Luciani,15,F,false
DSDPNI15L18F002L,Pierina,Platini,12,F,false
MGRDNN58E14I676X,Silvia,Tron,17,F,false
TRPNTT67M29C936C,Stefani,Bonolis,28,F,true
FLNMDA99B57M342N,Lauretta,Ligorio,27,F,true
MRGTNN38E50F491Z,Pierluigi,Borromini,16,M,false
CNNNNI06H03G990R,Luigi,Brambilla,17,M,false
FRRRFL14R67A038H,Mattia,Tresoldi,19,M,true
TRTNZE26E57G266D,Angelica,Simeoni,22,F,true
CNDLTZ70T25G959S,Enzio,Cheda,13,M,false
LMBMRA09L24D805S,Martino,Fibonacci,12,M,false
SLVPRG50S48F390C,Luciano,Mozart,26,M,true
CTNNNZ84E16G181I,Giuliano,Saffi,16,M,false
BRSTNO32E67E840V,Eliana,Scalfaro,23,F,true
LBRGLM21A20B911Q,Daria,Novaro,19,F,true
DPRPTZ67H01I404T,Elena,Gozzi,15,F,false
CVLLNA99S01F376H,Melissa,Letta,29,F,true
MRRLGN94P18E313T,Giovanna,Maggioli,28,F,true
TRCLDN05C51H027G,Eraldo,Santoro,15,M,false
VSPDIA54T15B501I,Alessia,Moretti,25,F,true
TMBRKE12A12G826W,Gaetano,Cerutti,24,M,true
CMCGSN97P51M358C,Raffaele,Argenti,30,M,true
BBAGNT13B47H888U,Raffaello,Curci,28,M,true
BRNMRN17S53F098F,Rolando,Borgia,15,M,false
CVLGRC67T29I998G,Berenice,Pizziol,30,F,true
VNDPMP91C65A304K,Cirillo,Boccaccio,13,M,false
CTLLRT32H28I493Q,Pier,Parpinel,27,M,true
VLGLRT06R25M177K,Antonella,Manolesso,21,F,false
GNZMRH51D17A922P,Baccio,Monaco,30,M,true
VNDSVN22R57B197F,Caterina,Pertini,18,F,false
BBTGRM19M44L544O,Viridiana,Iacovelli,22,F,true
CTRGNG73S50M365K,Filippo,Tremonti,29,M,true
PLLNTL90D23A096O,Virgilio,Antonucci,25,M,true
TRNNTL77L13M083X,Bernardo,Casagrande,22,M,true
GRRFDC14S26D093D,Laura,Golino,30,F,false
JLLPRC32T23L700S,Federica,Mercantini,12,F,false
CLMSLV54H09C424Y,Alina,Storladi,13,F,false
SRENTN23P25C594H,Giampiero,Iannotti,14,M,false
NNSNNT70M31G506N,Panfilo,Liverotti,18,M,false
CTTPRG22C70H540I,Silvia,Tacchini,17,F,false
MLDMLN53M03C286G,Morena,Naccari,28,F,true
SBTSLV37H15A455M,Ruggiero,Peruzzi,23,M,true
PZZZRA86T02G286G,Giustino,Comboni,28,M,true
CMNRNZ76M54F957U,Laura,Cignaroli,17,F,false
MRNLDA41A62E450K,Simone,Gargallo,23,M,true
MGGDMC52H53L517S,Tiziano,Cabibbo,29,M,false
PCMNRC67B52B709N,Nadia,Marinetti,30,F,true
SPRLRA19D11L173S,Arsenio,Nitto,18,M,false
RTCSLT69E51M289B,Piermaria,Pometta,12,M,false
LFNBNT84C44H097O,Diana,Lombardo,30,F,true
FNTMRT48P18H427Y,Angelica,Turchi,17,F,false
SBTLCU23H51D746C,Mirco,Pirandello,28,M,true
RGNRFL30D17E891J,Diana,Zanichelli,21,F,true
LSSGFR46B54F478J,Veronica,Malpighi,17,F,false
MRNVRN51S16G924V,Licia,Garozzo,16,F,false
PSQNNR59S02B481E,Angelica,Tognazzi,20,F,true
GLTBPP02P56A674M,Lauretta,Bettin,19,F,true
TZZMRL83D61H782J,Matteo,Morricone,27,M,true
SPRVRL22E69C745Y,Franco,Canova,15,M,false
CHRCPN30E66M143U,Flora,Cherubini,13,F,false
BRGCRL02T23B031G,Donatella,Malenchini,21,F,true
TRVGRN03R43D018L,Roberta,Rastelli,25,F,false
LNRDRT55M60I156W,Fulvio,Palumbo,16,M,false
BRZRFL48T04A820N,Lucio,Montanariello,26,M,true
PZZBNC39B14L009D,Flora,Gianvecchio,30,F,true
DSSDRT78B41F109S,Durante,Vigliotti,20,M,true
PDRMCL95M67G961M,Alberico,Sinisi,18,M,false
FLLSBN92S66H880U,Pellegrino,Morrocco,29,M,true
MNTNNN31M57B384I,Roberto,Pisano,26,M,true
PTRFLV40L71F551Z,Daria,Morricone,12,F,false
NTTGLM82P14F868C,Nicolò,Fibonacci,20,M,true
CRRSLV63E10I434B,Luca,Cilibrasi,12,M,false
SCHNGC37S08I384I,Filippo,Sermonti,14,M,false
BNDDMA06R58I801D,Rosa,Modugno,16,F,false
CRCRNR55M43H036Y,Luigina,Pugliese,20,F,true
PLLLNI75A09G268H,Bartolomeo,Cannizzaro,12,M,false
SCNLSN57H23F045J,Marissa,Soffici,26,F,true
FRNCLD58R20G532O,Giacomo,Terragni,16,M,false
TRCRSN76E71L143J,Stella,Borzomì,24,F,true
BRLDNL61D01G721Z,Paola,Bellò,22,F,true
CEOPRS32D44A249Q,Vincenza,Farina,13,F,false
BNRVNL03H26A303V,Rita,Golgi,24,F,true
MDGGSI32D62G361E,Lorenzo,Depero,25,M,true
CEOFLR33B01B306B,Giovanna,Cadorna,26,F,true
FLRRMD61S42D559T,Gloria,Salieri,22,F,true
BRGMLS36H21M161M,Cassandra,Pelli,30,F,true
FRRMRN96T25A570S,Ruggiero,Jacuzzi,21,M,true
ZRLCLL87S21I363Z,Fabio,Folliero,24,M,true
PZZSVN88E67L613D,Arnulfo,Zanazzo,29,M,true
BNRNPN35E65B188O,Federico,Passalacqua,23,M,true
CEOGCB39B58G263S,Lara,Pagliaro,20,F,true
